INSERT INTO PAZIENTE VALUES('123','Imbianchino','Paolo','Bianchi','Single');
INSERT INTO PAZIENTE VALUES('142','Professore','Marco','Neri','Sposato');
INSERT INTO PAZIENTE VALUES('156','Modella','Sara','Natividad','Vedova');
INSERT INTO PAZIENTE VALUES('145','Operaio','Stefano','Matto','Single');
INSERT INTO PAZIENTE VALUES('202','Camionista','Rodrigo','Rossi','Sposato');


INSERT INTO MEDICI VALUES('300');
INSERT INTO MEDICI VALUES('301');
INSERT INTO MEDICI VALUES('302');
INSERT INTO MEDICI VALUES('303');
INSERT INTO MEDICI VALUES('304');
INSERT INTO MEDICI VALUES('305');
INSERT INTO MEDICI VALUES('306');
INSERT INTO MEDICI VALUES('307');
INSERT INTO MEDICI VALUES('308');
INSERT INTO MEDICI VALUES('309');
INSERT INTO MEDICI VALUES('310');
INSERT INTO MEDICI VALUES('311');
INSERT INTO MEDICI VALUES ('312');

INSERT INTO CHIRURGHI VALUES ('300',' LCURSS80A01F205','Luca','Rossi','Rossi80@yahoo.it','Nefrologo','1/1/1980');
INSERT INTO CHIRURGHI VALUES ('301',' GVNCST73H04B429M','Giovanni','Chissotti','Chissoio@libero.it','Nefrologo','1/1/1973');
INSERT INTO CHIRURGHI VALUES ('302',' PRGPLN86B05A182O','Pergiorgio','Pasolini','Paso86@alice.it','Nefrologo','5/2/1986');
INSERT INTO CHIRURGHI VALUES ('303',' PTRSMS92T08F839G','Pietro','Smusi','Smusi@yahoo.it','Nefrologo','8/12/1992');
INSERT INTO CHIRURGHI VALUES ('304','LCURSS80A01F205','Orazio','Grinzosi','Grinzo@libero.it','Generale','1/1/1990');

INSERT INTO SPECIALIZZANDI VALUES ('305',9,'S','N');
INSERT INTO SPECIALIZZANDI VALUES ('306',3,'N','S');
INSERT INTO SPECIALIZZANDI VALUES ('307',3,'N','N');
INSERT INTO SPECIALIZZANDI VALUES ('308',4,'N','S');
INSERT INTO SPECIALIZZANDI VALUES ('309',5,'N','N');
INSERT INTO SPECIALIZZANDI VALUES ('310',8,'S','N');
INSERT INTO SPECIALIZZANDI VALUES ('311',3,'N','S');
INSERT INTO SPECIALIZZANDI VALUES ('312',7,'S','N');

INSERT INTO PATOLOGIE VALUES ('12/07/2010',NULL,'Artrosi','in corso');
INSERT INTO PATOLOGIE VALUES ('17/03/2006','19/06/2015','Intoll. Lattosio','Terminata');
INSERT INTO PATOLOGIE VALUES ('06/11/1999',NULL,'Allergia cacao','in corso');
INSERT INTO PATOLOGIE VALUES ('7/01/2016','8/1/2019','Anoressia','Terminata');
INSERT INTO PATOLOGIE VALUES ('24/12/2001',NULL,'Diabete','in corso');

INSERT INTO RICOVERO VALUES ('27/4/2010','28/4/2011','123','300'); 
INSERT INTO RICOVERO VALUES ('17/8/2010','28/7/2012','142','301'); 
INSERT INTO RICOVERO VALUES ('5/2/2003','28/7/2005','156','302'); 
INSERT INTO RICOVERO VALUES ('10/4/2008','28/2/2009','145','303');  
INSERT INTO RICOVERO VALUES ('10/2/2007','10/2/2007','202','304'); 
INSERT INTO RICOVERO VALUES ('10/2/2008','10/2/2008','123','301') ;
INSERT INTO RICOVERO VALUES ('10/2/2005','28/3/2007','156','304'); 

INSERT INTO INTERVENTO VALUES ('TRADIZIONALE','17/8/2010','28/7/2012','142',NULL,'febbre','301');
INSERT INTO INTERVENTO VALUES ('LITOTRITORE','5/2/2003','28/7/2005','156',NULL,NULL,'302');
INSERT INTO INTERVENTO VALUES ('TRADIZIONALE','27/4/2010','28/4/2011','123',NULL,'sangue urine','300');
INSERT INTO INTERVENTO VALUES ('LITOTRITORE','10/2/2005','28/3/2007','156',NULL,NULL,'304');
INSERT INTO INTERVENTO VALUES ('LITOTRITORE','10/4/2008','28/2/2009','145',NULL,NULL,'303');

INSERT INTO DRG VALUES ('10/2/2007','10/2/2007');
INSERT INTO DRG VALUES ('10/2/2008','10/2/2008');


INSERT INTO VISITA VALUES ('307','142',NULL,120,65,80);
INSERT INTO VISITA VALUES ('306','156','SI',110,75,85);
INSERT INTO VISITA VALUES ('306','123','SI',125,70,78);
INSERT INTO VISITA VALUES ('307','156',NULL,130,75,80);
INSERT INTO VISITA VALUES ('307','145',NULL,115,90,80);

INSERT INTO CARTELLACLINICA VALUES ('123','300','306','306',NULL,NULL,'S');
INSERT INTO CARTELLACLINICA VALUES ('142','301','307','307',NULL,NULL,NULL);
INSERT INTO CARTELLACLINICA VALUES ('156','302','306','306',NULL,'S',NULL);
INSERT INTO CARTELLACLINICA VALUES ('145','303','307','307',NULL,NULL,NULL);
INSERT INTO CARTELLACLINICA VALUES ('202',NULL,NULL,NULL,NULL,NULL,NULL); 

INSERT INTO CONTIENE VALUES('123','Intoll. Lattosio');
INSERT INTO CONTIENE VALUES('142','Diabete');
INSERT INTO CONTIENE VALUES('156','Allergia cacao');
INSERT INTO CONTIENE VALUES('145','Artrosi');
INSERT INTO CONTIENE VALUES('202','Anoressia');


INSERT INTO ECOGRAFIA VALUES ('307','156','865','operabile',3,'6mm','calcio','rene destro');
INSERT INTO ECOGRAFIA VALUES ('306','123','864','non operabile',3,'8mm','struvite','rene sinistro');


INSERT INTO FARMACI VALUES ('28/6/2010','777','calcolit','306','123');

INSERT INTO PRENDONOPARTE VALUES ('301','TRADIZIONALE','17/8/2010','28/7/2012');
INSERT INTO PRENDONOPARTE VALUES ('302','LITOTRITORE','5/2/2003','28/7/2005');
INSERT INTO PRENDONOPARTE VALUES ('300','TRADIZIONALE','27/4/2010','28/4/2011');
INSERT INTO PRENDONOPARTE VALUES ('304','LITOTRITORE','10/2/2005','28/3/2007');
INSERT INTO PRENDONOPARTE VALUES ('303','LITOTRITORE','10/4/2008','28/2/2009');
